{"_step":3,"entropy_coef_mean":0.027181291554371517,"stability_score":0.5,"epoch":3,"debug_log_std_min":-0.1890989227771759,"trend_score":0.5,"debug_log_std_mean":-0.13902666125893592,"performance_score":0.5,"loss_actor_mean":-10.592559529290597,"trial_state":"completed","loss_critic":0.29465352781964466,"loss_smoothness":0.5,"debug_alpha_brake":0.015957125931978226,"entropy_coef":0.01595710325539112,"return_test":7.018996477127075,"return_test_mean":9.89664184252421,"return_train":7.943996906280518,"return_consistency":0.5,"_runtime":12208,"entropy_health":0.5,"_wandb":{"runtime":12208},"debug_alpha_gas":0.015957089141011238,"debug_alpha_steer":0.015957089141011238,"trial_number":5,"loss_actor_var":115.78950752087503,"_timestamp":1.7709016442133038e+09,"loss_actor":-25.41474938812256,"return_test_var":93.69966367682987,"final_stability_score":0.5}