{"stability_score":0,"betas_critic":"0.95,0.999","redq_m":1,"redq_n":8,"_step":0,"lr_entropy":0.008105016126411584,"_timestamp":1.7708725479234579e+09,"target_entropy":-0.6512526460895272,"polyak":0.998296868115208,"_runtime":1,"gamma":0.9792970989617431,"lr_critic":2.3426581058204037e-05,"l2_actor":9.462175356461487e-06,"alpha_floor":0.1459476894296684,"alpha":0.2979221734836258,"_wandb":{"runtime":1},"batch_size":256,"l2_critic":1.4656553886225336e-05,"lr_actor":0.00012399967836846095,"betas_actor":"0.95,0.999"}