{"loss_actor_var":15687.158727354345,"_step":7,"return_test_var":28.672962288260436,"trial_state":"completed","loss_actor_mean":161.394985628782,"trial_number":9,"entropy_coef":0.015957091003656387,"debug_log_std_min":-0.15286500499248504,"debug_alpha_steer":0.015957089141011238,"return_test_mean":8.78313741173063,"loss_smoothness":0.840390568700247,"return_test":12.679987525939941,"debug_alpha_brake":0.015957089141011238,"final_stability_score":0.6642514047939736,"_timestamp":1.770963232459055e+09,"_runtime":30533,"debug_alpha_gas":0.015957089141011238,"performance_score":1,"debug_log_std_mean":-0.13338992123007776,"loss_critic":1.4513739509004169,"trend_score":0.5,"_wandb":{"runtime":30533},"return_train":7.943999290466309,"loss_actor":313.8123001953125,"return_consistency":0.9166150504756476,"entropy_health":0,"epoch":7,"stability_score":0.6642514047939736,"entropy_coef_mean":0.020596676684277396}