{"alpha":0.19843966652221853,"batch_size":256,"stability_score":0.6642514047939736,"gamma":0.9528460969962418,"lr_critic":0.0007969454818643932,"l2_critic":0.0003142880890840109,"lr_actor":5.6115164153345e-05,"_step":0,"betas_critic":"0.95,0.999","polyak":0.9977955853119744,"alpha_floor":0.015957084694148364,"_wandb":{"runtime":5},"target_entropy":-2.6099533988939085,"lr_entropy":0.001570297088405539,"_timestamp":1.7709632410958784e+09,"_runtime":5,"betas_actor":"0.9,0.999","l2_actor":0.0008123245085588687,"redq_n":4,"redq_m":2}