{"redq_m":1,"polyak":0.9910428215357262,"target_entropy":-1.0718241332851357,"lr_critic":0.0004274869455295214,"redq_n":4,"stability_score":0,"batch_size":128,"gamma":0.9675648206986693,"alpha_floor":0.012483440997339655,"_timestamp":1.770872558208709e+09,"alpha":0.2679027504615932,"_step":0,"lr_entropy":0.001319994226153501,"lr_actor":1.0257563974185649e-05,"_wandb":{"runtime":1},"l2_critic":8.569331925053988e-06,"_runtime":1,"l2_actor":1.5512259126484753e-06,"betas_actor":"0.95,0.999","betas_critic":"0.9,0.999"}