{"lr_critic":0.0007969454818643932,"polyak":0.9977955853119744,"alpha":0.19843966652221853,"_step":0,"redq_m":2,"l2_actor":0.0008123245085588687,"stability_score":0,"lr_actor":5.6115164153345e-05,"_timestamp":1.77087193094166e+09,"l2_critic":0.0003142880890840109,"alpha_floor":0.015957084694148364,"_runtime":1,"betas_critic":[0.95,0.999],"_wandb":{"runtime":1},"betas_actor":[0.9,0.999],"lr_entropy":0.001570297088405539,"redq_n":4,"batch_size":256,"gamma":0.9528460969962418,"target_entropy":-2.6099533988939085}