{"loss_actor":188.99151955871582,"trial_state":"completed","_timestamp":1.7709321757363656e+09,"_runtime":28485,"entropy_coef":0.015957091003656387,"loss_smoothness":0.6160011493537608,"debug_alpha_gas":0.015957089141011238,"return_test_var":38.28585297138968,"trend_score":0.5,"epoch":7,"debug_log_std_min":-0.15590945847034454,"stability_score":0.6075290890213509,"debug_alpha_steer":0.015957089141011238,"entropy_coef_mean":0.021103852324826373,"loss_actor_var":9089.983111802243,"loss_critic":0.9995425660304725,"return_train":5.014998912811279,"loss_actor_mean":83.96229785637186,"trial_number":7,"performance_score":0.989927057352933,"_wandb":{"runtime":28485},"final_stability_score":0.6075290890213509,"return_test":6.922997832298279,"debug_alpha_brake":0.015957089141011238,"debug_log_std_mean":-0.13504901421368123,"entropy_health":0,"return_consistency":0.9201589723198834,"_step":7,"return_test_mean":10.10999524976526}