{"_step":0,"batch_size":128,"_wandb":{"runtime":3},"target_entropy":-2.9214270357831644,"alpha_floor":0.06729596646792112,"l2_actor":0.0001847793417351927,"polyak":0.9945771362204823,"_runtime":3,"lr_actor":0.00011103647313054615,"alpha":0.06410050209458451,"lr_critic":7.162786999897333e-05,"l2_critic":4.857295179217169e-06,"lr_entropy":1.1919481947918725e-05,"redq_n":2,"betas_actor":"0.95,0.999","redq_m":1,"_timestamp":1.7708725661170058e+09,"betas_critic":"0.9,0.999","gamma":0.96540344307274,"stability_score":0}