{"betas_critic":"0.95,0.999","batch_size":512,"alpha_floor":0.011492999300221412,"_wandb":{"runtime":1},"lr_actor":8.168455894760161e-05,"target_entropy":-1.5189635778448938,"_timestamp":1.770872539907218e+09,"redq_m":2,"betas_actor":"0.95,0.999","stability_score":0,"l2_actor":0.0002661901888489054,"redq_n":2,"polyak":0.9915347171131856,"_runtime":1,"alpha":0.1633820882890881,"lr_critic":0.00037183641805732076,"gamma":0.9797696977431705,"l2_critic":8.200518402245835e-06,"_step":0,"lr_entropy":3.972110727381908e-05}